ALU1,ALU2,ALU3,ALU4,AET1,AET2,AET3,AET4,CEJ1,CEJ2,CEJ3,CEJ4,RDG1,RDG2,RDG3,RDG4,WHC1,WHC2,WHC3,WHC4,CLA1,CLA2,CLA3,CLA4
4,4,2,2,4,2,4,4,3,3,1,5,3,1,1,2,3,3,5,2,3,1,1,4
1,2,1,5,4,3,3,5,2,1,2,2,1,2,2,3,4,4,3,1,2,2,3,2
2,2,1,5,3,2,2,5,5,4,3,4,4,3,5,4,1,2,5,2,4,2,2,3
3,5,3,4,4,4,4,4,4,4,3,3,5,4,5,4,1,4,3,2,3,2,4,1
3,4,1,2,4,3,3,5,3,3,2,4,4,4,5,1,1,3,4,5,2,3,3,5
3,4,3,4,5,2,4,5,2,2,1,4,2,5,2,3,2,3,2,5,5,5,4,3
3,2,2,4,2,1,2,4,3,5,2,4,4,4,4,4,4,3,5,4,2,3,3,2
2,1,1,5,3,2,2,5,3,4,2,5,3,2,3,2,4,3,3,2,5,3,4,2
3,3,1,3,2,2,3,5,4,5,2,2,3,4,5,5,3,3,4,3,2,2,2,4
1,2,3,5,2,1,2,3,2,1,2,2,2,2,3,1,3,4,4,3,2,3,2,3
3,4,3,3,3,3,3,4,2,2,4,4,2,4,5,4,5,4,5,3,3,3,4,4
3,4,2,2,3,2,3,3,4,3,1,5,2,4,2,3,4,2,5,1,4,3,3,4
2,2,1,5,5,4,5,3,2,3,1,3,1,2,2,3,4,5,5,4,2,5,3,2
3,2,2,1,3,1,2,3,2,4,1,5,4,5,5,4,3,4,4,3,1,1,1,3
3,3,4,4,4,3,3,4,5,5,3,3,1,5,5,4,2,4,5,3,3,4,3,3
2,3,2,5,4,5,4,2,2,3,1,1,2,4,3,4,2,2,3,2,3,4,1,1
2,4,1,4,5,2,3,5,3,3,2,4,4,1,3,2,2,2,2,1,4,1,2,1
4,4,4,3,2,1,3,1,3,5,4,3,4,4,4,3,4,3,4,3,4,3,3,3
2,2,1,4,1,1,2,5,3,3,2,4,1,4,3,2,5,5,4,1,3,4,2,4
4,5,4,5,3,4,2,5,2,5,1,3,3,5,3,1,3,2,4,4,4,4,4,5
4,3,4,4,1,1,2,2,4,5,2,3,3,3,3,4,1,1,4,1,4,3,2,1
2,3,2,5,3,5,3,4,4,4,5,4,4,3,4,3,2,3,4,1,4,3,3,3
4,3,2,3,5,5,4,5,4,3,1,3,5,2,4,1,5,5,4,5,2,4,4,3
1,3,1,5,3,2,4,3,3,3,2,3,3,5,4,2,1,2,4,1,1,1,1,2
3,3,1,4,2,2,3,3,2,4,3,2,3,3,5,2,3,2,2,2,4,3,5,4
3,3,1,5,4,2,3,3,3,3,2,2,2,2,2,4,4,4,2,4,4,3,2,3
1,1,1,2,3,2,2,3,2,1,2,3,1,1,1,2,3,3,3,4,2,1,1,1
3,4,2,5,1,1,1,3,2,4,5,4,2,2,2,4,2,1,4,1,2,1,1,1
2,5,1,4,2,2,1,2,2,3,3,5,4,4,4,2,3,2,4,1,4,3,4,3
2,2,2,4,2,3,2,3,3,3,2,4,1,1,1,3,3,4,5,2,2,2,2,4
3,2,2,2,4,1,4,3,3,5,2,2,3,2,4,5,3,4,5,4,2,1,2,2
1,2,2,2,3,1,2,3,3,4,1,5,2,1,4,3,2,3,3,4,5,4,3,1
2,3,1,5,2,1,2,3,3,4,4,4,1,4,1,4,3,4,5,1,2,2,1,1
4,3,2,4,3,2,1,4,2,4,3,5,4,3,4,4,4,2,5,5,3,3,1,3
5,2,2,4,2,2,2,2,5,5,5,5,1,3,3,1,5,5,4,3,4,3,2,3
3,5,3,3,3,3,2,3,3,2,4,4,1,2,2,3,3,4,3,3,4,1,3,3
5,5,4,5,4,3,4,5,3,3,1,4,5,5,4,4,5,5,5,1,2,3,1,4
3,1,1,3,2,2,3,3,2,3,1,2,4,4,5,3,3,3,3,2,1,3,1,1
1,3,2,4,4,4,5,4,4,3,2,4,3,3,5,2,5,5,4,3,5,4,3,2
1,2,1,3,2,1,1,2,1,1,1,1,1,1,2,3,2,3,4,2,3,5,1,1
3,5,1,2,4,4,4,5,3,3,4,4,3,4,4,2,2,4,4,3,4,3,2,3
4,5,3,2,4,3,3,3,4,5,5,3,3,3,2,5,3,3,3,1,2,2,1,3
1,2,1,4,3,2,2,4,1,1,1,2,3,1,2,2,1,1,2,1,2,1,2,1
2,1,1,2,5,5,4,4,5,5,3,3,2,3,4,1,2,1,5,2,2,3,2,2
4,4,2,5,1,2,3,2,4,5,4,5,4,5,3,3,2,2,2,4,2,3,3,4
2,3,1,5,1,3,3,4,3,4,4,4,1,1,4,2,2,1,1,2,2,1,2,1
4,2,1,5,2,2,1,3,2,4,2,3,3,4,3,5,2,1,2,3,3,3,2,2
5,2,1,5,1,2,1,3,2,4,1,3,3,3,3,2,1,1,3,2,2,2,4,1
3,4,1,4,3,2,2,1,4,5,3,5,2,3,5,3,3,2,3,3,3,3,2,2
4,4,4,5,2,1,5,3,3,5,4,5,3,4,2,2,2,3,4,1,2,4,3,1
4,5,2,4,3,4,3,3,4,5,4,2,3,3,4,4,3,3,3,2,4,2,4,4
2,2,2,5,1,1,3,1,2,4,2,1,2,3,4,2,2,2,3,1,3,2,2,2
3,4,2,5,3,2,2,2,3,4,1,2,2,1,3,1,2,1,4,5,2,2,1,1
2,2,1,4,3,2,1,2,4,5,4,5,2,1,2,2,3,3,4,3,3,3,2,3
4,5,3,5,3,2,2,3,5,5,4,5,4,3,4,3,3,5,5,4,1,2,1,1
2,2,3,5,1,2,2,2,2,1,2,2,3,4,4,2,2,3,2,3,3,3,2,1
3,3,1,4,4,3,3,4,4,5,5,4,3,2,5,2,2,2,5,1,4,2,5,5
1,1,2,3,5,5,3,5,3,3,1,5,4,5,4,5,1,1,3,5,1,2,1,4
4,5,2,5,4,3,3,4,3,5,4,4,5,4,4,2,4,4,4,4,2,2,2,2
3,4,2,4,2,2,4,5,3,5,2,5,4,5,4,2,3,2,3,3,3,2,1,4
3,2,3,4,4,2,5,5,2,2,1,4,2,2,3,1,3,3,3,1,3,2,2,3
2,4,1,3,2,2,3,5,2,5,2,2,2,3,3,3,2,2,3,3,3,5,4,1
5,5,3,2,3,2,2,5,2,4,2,3,1,1,1,1,1,1,1,1,2,3,2,1
1,1,1,3,2,2,2,2,2,3,1,2,2,3,2,5,1,1,2,1,2,3,1,3
3,4,3,5,3,3,3,3,3,5,1,4,1,3,2,4,5,4,5,2,1,3,1,1
4,5,1,4,4,2,3,5,2,3,2,4,4,4,3,5,5,4,5,2,3,3,3,5
3,3,1,5,5,5,5,5,3,4,2,4,1,4,4,3,5,5,4,2,4,3,5,2
1,3,2,3,4,5,2,5,2,5,3,1,2,2,5,1,3,3,3,3,3,4,1,4
1,3,3,3,3,2,2,5,2,4,4,2,1,2,3,5,2,3,3,2,4,3,5,2
5,5,2,4,1,3,3,3,4,4,1,1,2,3,4,2,2,1,1,3,1,2,3,3
1,3,1,3,2,2,4,3,2,3,1,2,1,1,1,1,1,4,4,4,2,3,3,4
4,3,3,5,5,5,5,3,4,4,4,4,4,4,5,3,2,2,1,2,5,5,4,5
5,4,5,4,2,3,5,5,2,1,1,4,2,3,4,4,2,1,4,1,4,3,4,2
4,3,1,5,5,3,5,4,4,5,3,3,3,3,5,5,4,3,5,2,5,3,2,2
3,3,2,5,5,5,3,4,3,4,2,5,3,5,4,4,4,3,3,4,5,4,3,3
3,3,1,4,4,3,5,3,2,4,2,4,2,1,5,2,3,2,5,2,2,5,3,1
4,3,3,5,3,1,2,2,2,4,2,2,4,5,5,3,1,3,4,5,3,3,3,3
3,3,5,3,4,3,3,2,3,5,2,2,4,4,4,3,4,4,3,4,4,3,3,2
1,4,1,5,3,1,2,3,5,5,4,4,2,3,2,3,2,2,1,1,5,4,2,5
5,4,1,5,1,1,2,1,1,3,2,5,2,1,3,3,2,3,4,3,2,2,1,1
2,1,1,5,4,3,3,3,3,3,1,5,4,2,5,4,3,3,3,3,5,3,1,1
5,4,5,5,3,2,2,5,5,5,2,5,3,2,3,4,4,1,5,4,1,2,2,4
2,4,2,1,3,3,2,5,5,5,4,3,3,4,2,1,1,3,3,5,1,2,1,2
2,2,2,3,5,3,4,5,5,5,4,5,4,3,4,3,4,5,4,4,3,3,1,2
3,4,3,3,3,5,2,5,2,5,2,3,4,5,5,3,4,5,5,3,3,3,5,4
2,2,2,3,2,2,2,5,3,3,3,2,2,2,2,3,2,1,4,3,4,3,4,4
1,4,1,4,2,2,2,1,4,4,4,1,3,3,2,2,3,3,1,2,3,1,2,1
2,3,2,3,5,3,3,2,5,5,1,4,4,3,4,1,1,1,3,1,5,5,5,3
2,3,3,3,3,2,1,2,3,4,2,2,5,3,5,4,1,3,1,2,3,2,3,1
3,3,4,3,4,3,3,3,2,4,4,3,5,4,4,3,4,4,4,3,5,3,2,1
2,2,1,2,3,4,5,3,3,3,4,1,3,2,4,4,3,1,3,1,1,1,1,2
3,4,2,5,3,1,3,3,3,4,3,3,4,1,3,2,1,3,3,4,2,3,3,3
2,2,2,3,3,2,4,3,2,2,3,1,2,2,3,4,1,1,3,3,3,3,1,3
3,4,1,3,4,3,4,3,2,2,2,4,2,3,2,4,3,4,5,1,1,3,1,3
1,1,1,2,2,3,3,2,4,2,3,3,3,4,2,3,3,2,4,4,4,3,1,3
4,4,1,5,5,4,4,1,2,1,2,2,2,4,5,2,1,4,4,2,4,3,3,4
3,2,3,4,4,4,4,2,1,3,2,3,2,4,4,4,4,5,5,2,3,1,3,1
3,1,2,1,4,3,5,3,1,3,1,1,2,2,1,2,1,2,4,4,2,2,3,2
2,4,3,5,2,3,1,3,3,2,2,3,3,3,4,3,2,3,3,2,1,1,3,3
1,2,2,5,1,2,1,2,2,4,2,4,2,2,3,4,2,2,2,4,3,4,4,1
3,3,1,2,2,1,2,2,4,3,3,1,2,2,2,4,3,2,2,2,2,2,1,2
2,5,3,3,4,2,2,2,3,4,1,3,5,5,4,2,5,4,5,1,1,2,5,3
4,5,5,4,2,1,1,3,5,4,3,4,1,4,3,2,2,4,3,2,2,1,2,3
4,3,3,3,1,2,2,1,1,2,1,3,1,3,4,1,4,4,5,4,3,2,3,3
2,2,1,4,1,1,1,2,4,3,1,5,1,3,3,1,2,3,3,1,2,2,1,3
4,4,2,2,5,5,4,3,5,3,2,2,3,2,4,3,3,3,4,1,5,5,5,4
1,2,1,2,2,2,2,2,3,3,2,2,2,2,3,3,3,2,4,3,4,4,4,1
2,1,1,5,4,3,5,3,5,3,4,1,3,4,5,3,2,3,2,1,2,1,4,3
5,5,5,3,5,4,3,5,3,5,3,5,2,3,3,2,2,2,3,3,3,4,2,3
1,2,1,5,1,1,3,3,1,2,1,2,1,1,2,3,1,1,2,1,1,1,1,1
4,4,1,5,2,3,2,4,3,5,5,3,3,3,4,3,3,2,3,3,3,3,3,5
4,1,2,2,5,4,5,3,1,1,1,2,3,4,4,3,4,5,5,1,4,5,1,3
3,2,1,5,4,2,2,4,3,5,4,4,4,2,3,5,4,3,4,4,4,4,3,1
3,4,2,4,3,2,3,4,3,3,2,3,2,3,3,2,2,2,3,2,2,3,3,2
5,4,3,4,3,3,2,4,3,3,3,5,4,2,2,5,3,4,5,4,5,3,5,3
4,3,3,5,4,3,4,5,1,5,3,3,3,1,3,2,4,4,4,4,3,2,3,2
3,3,3,5,1,1,2,4,5,4,5,3,3,3,4,5,3,3,3,1,2,1,2,3
1,1,1,5,4,2,3,5,5,5,5,3,3,5,3,2,5,4,5,4,3,3,2,1
4,3,3,5,5,5,4,5,5,5,4,4,2,3,2,4,4,5,5,2,5,5,3,5
3,3,2,5,4,2,3,5,3,4,3,1,2,3,3,2,2,4,3,1,5,3,3,4
1,2,1,2,2,2,4,2,2,4,4,3,4,4,3,5,4,5,5,5,2,2,2,3
3,3,1,3,4,3,3,3,1,3,1,4,4,3,2,2,3,1,3,4,4,2,2,3
4,3,3,5,2,1,3,3,3,5,3,3,3,2,4,3,2,3,2,5,2,2,1,3
1,1,1,4,3,3,2,3,1,2,1,1,2,1,2,1,2,4,4,1,4,5,3,2
4,4,3,5,3,4,3,4,4,5,3,5,2,4,5,4,1,1,1,2,4,2,2,1
3,3,3,5,2,1,3,5,5,4,5,2,4,4,2,2,5,5,5,4,3,2,2,4
2,2,1,4,4,4,2,2,3,4,2,1,2,3,3,5,3,4,4,2,3,2,1,3
2,2,2,4,1,1,1,1,1,4,1,1,1,1,2,1,1,1,4,1,3,3,2,1
4,5,2,5,3,3,5,4,4,4,3,2,1,3,1,1,3,5,3,2,5,4,5,3
3,4,2,1,4,1,1,2,4,5,2,4,5,4,5,4,4,3,5,3,2,3,2,1
4,3,2,4,2,2,1,5,2,4,1,3,2,3,4,2,2,4,5,1,3,2,1,5
1,3,1,5,2,2,4,4,3,1,1,3,2,2,1,2,3,1,3,1,4,4,4,3
3,3,2,3,4,1,1,3,3,4,3,5,3,5,4,3,4,5,5,3,3,3,1,2
3,3,1,5,5,2,3,3,3,3,4,2,3,3,4,1,2,2,2,2,4,2,1,4
4,4,1,5,3,1,3,3,2,2,2,4,3,3,4,3,2,4,2,4,4,4,4,1
4,3,3,3,4,3,1,4,4,2,2,5,3,2,2,5,1,2,3,2,3,2,2,4
4,1,2,3,3,3,3,3,2,3,4,3,2,2,2,3,4,3,5,2,3,2,2,2
3,3,1,2,2,2,2,2,1,1,1,3,2,1,5,2,2,2,3,3,1,1,1,4
1,2,1,3,4,3,4,4,4,2,3,3,3,5,4,5,4,2,4,1,4,4,2,2
3,5,2,3,3,1,4,5,2,4,2,5,2,1,5,1,1,1,3,1,3,3,5,4
2,3,2,3,4,2,3,5,4,5,2,1,2,4,2,2,3,5,4,2,5,4,1,1
3,2,2,5,5,5,5,4,2,3,1,1,1,2,2,2,4,4,4,2,5,4,3,2
4,4,3,3,5,3,3,2,5,4,2,3,3,2,3,2,4,2,3,5,4,4,3,3
5,3,4,5,1,2,1,4,2,4,3,2,2,2,3,2,3,3,3,1,5,5,5,1
5,5,3,4,2,1,1,5,5,4,5,3,2,4,3,1,3,2,5,5,4,2,1,4
3,1,1,5,2,2,1,5,3,4,4,3,5,4,5,1,5,5,4,4,3,4,3,3
5,5,3,5,3,2,4,5,3,2,1,4,4,2,5,4,4,5,4,5,2,2,1,1
3,4,2,5,5,5,3,5,2,2,1,3,2,1,3,3,4,3,5,5,1,1,2,2
4,5,3,5,2,3,3,3,2,5,1,2,2,1,1,3,2,3,5,5,2,1,2,4
4,3,3,4,2,2,2,4,1,1,2,2,2,2,2,2,3,2,3,3,1,3,1,1
3,3,3,2,4,2,3,2,4,4,1,2,1,1,5,2,3,5,5,1,1,1,2,1
5,5,5,5,5,4,5,5,3,4,3,3,3,2,3,3,5,5,5,2,4,3,2,2
3,4,2,3,4,2,3,5,3,4,3,1,1,1,2,3,3,3,4,3,4,3,3,3
3,5,4,5,4,2,4,3,4,4,1,4,3,3,2,3,2,2,3,1,4,3,4,3
2,2,2,5,2,1,1,2,1,2,3,2,2,4,2,4,2,1,4,3,1,3,2,3
3,2,3,4,4,3,3,4,3,2,1,4,2,4,4,1,3,2,3,1,5,5,4,4
3,4,2,5,5,4,5,4,3,5,2,2,2,3,4,3,4,2,5,4,3,5,5,4
2,3,2,5,2,2,2,4,3,3,3,3,2,2,2,3,1,2,1,1,2,3,2,1
1,3,3,5,3,3,4,3,4,4,2,5,1,2,3,4,3,3,2,3,5,3,2,3
5,4,2,4,4,3,4,5,2,2,2,2,2,2,1,3,3,3,5,2,4,3,2,2
2,3,2,2,3,3,2,1,3,2,1,3,1,1,2,4,4,3,4,1,3,4,3,4
5,2,4,4,5,2,5,5,3,3,1,2,3,3,4,1,3,2,5,4,5,5,3,4
3,4,1,4,3,1,1,3,2,3,1,1,3,5,4,3,1,2,3,3,3,5,3,2
4,4,2,5,5,5,4,2,5,3,2,5,2,3,5,3,3,3,5,3,3,4,5,4
3,5,5,4,3,1,2,4,4,4,3,4,3,2,3,4,2,2,3,3,3,1,2,3
1,2,1,1,4,2,3,3,4,5,2,4,3,4,5,2,3,2,3,2,2,2,3,1
1,3,2,4,2,1,1,1,2,1,1,1,1,1,3,4,3,4,2,3,2,1,1,2
3,3,4,5,2,3,3,1,4,3,3,4,3,4,3,3,3,2,5,4,3,3,3,2
5,5,2,5,2,2,2,3,2,2,1,4,3,3,3,1,1,1,2,3,1,1,1,4
1,1,1,4,2,2,1,4,1,2,2,4,1,2,1,2,2,1,2,4,3,1,2,2
4,4,3,5,3,3,3,4,2,2,2,4,2,2,4,2,5,4,5,4,1,3,3,3
1,4,1,5,4,4,3,4,2,3,1,2,3,3,4,5,1,2,2,2,4,3,2,2
1,1,1,5,5,4,3,5,1,5,2,3,2,2,3,4,5,4,3,1,2,1,3,2
5,4,4,5,4,3,5,3,2,2,1,4,2,1,3,2,3,1,4,2,3,5,4,5
4,5,3,4,2,1,2,1,2,3,3,1,1,1,2,2,2,2,4,4,5,3,5,3
3,5,1,3,5,4,2,2,4,4,2,2,2,4,3,4,2,2,4,1,3,4,1,3
4,4,5,4,5,3,4,4,2,1,1,4,2,3,5,4,1,2,2,4,5,3,3,1
2,2,1,4,3,1,1,2,2,5,3,4,3,3,2,1,2,1,4,2,3,1,2,1
3,4,4,4,4,4,5,5,2,1,3,1,3,4,5,4,3,2,3,2,5,4,4,2
2,4,1,4,1,2,2,4,1,2,1,4,3,3,3,3,4,3,5,1,3,4,1,1
4,2,2,5,5,2,4,4,3,4,2,3,3,2,2,1,4,5,5,4,1,3,2,4
4,3,2,5,2,2,2,3,2,2,2,4,1,1,3,3,2,3,4,2,4,3,2,1
1,2,2,5,5,4,3,2,2,2,1,2,4,2,5,5,1,2,2,4,2,3,1,3
4,2,2,5,2,1,1,3,1,3,1,4,4,3,1,3,1,2,2,1,4,3,3,3
2,3,3,2,1,1,1,3,5,5,4,5,1,2,3,4,2,2,4,1,2,2,1,2
4,4,2,4,2,2,4,1,2,4,3,3,2,2,3,5,3,2,5,3,2,2,2,5
2,2,1,3,1,1,1,1,2,1,1,2,1,3,2,1,1,1,5,1,1,1,1,1
3,4,4,2,2,3,3,2,3,4,1,3,3,2,4,1,1,1,3,2,2,2,2,2
5,5,3,5,4,2,3,3,2,3,2,5,3,2,2,3,5,3,5,3,3,4,3,1
5,4,2,5,4,3,4,2,3,5,3,3,4,4,2,2,3,2,3,3,5,4,3,1
4,4,1,5,4,3,4,4,4,5,1,2,2,2,2,1,3,4,4,5,4,3,4,1
3,4,5,5,5,3,5,4,4,3,4,3,5,4,4,4,1,2,2,1,3,2,2,3
4,4,2,4,3,3,4,3,5,5,5,5,2,4,3,4,5,3,5,3,2,2,2,1
1,1,1,3,5,4,3,3,2,1,3,3,3,3,3,2,4,4,5,2,1,2,2,2
2,4,4,4,4,5,2,2,1,5,2,1,1,1,1,1,2,1,1,3,3,3,2,2
2,4,2,3,2,2,2,2,2,3,3,5,2,2,3,2,2,3,3,3,3,3,2,2
4,5,3,4,3,3,3,4,4,5,2,4,3,3,2,3,5,4,5,2,5,4,5,3
1,2,1,5,2,1,1,4,2,3,4,4,2,2,4,1,3,2,4,1,1,1,1,1
3,1,1,3,2,2,3,2,3,3,2,3,3,3,5,3,2,3,3,3,3,4,3,2
5,4,3,5,5,4,4,5,4,4,3,4,3,2,2,1,4,5,4,4,4,5,4,2
2,5,1,2,3,1,4,3,4,5,2,3,2,3,5,4,3,1,3,2,2,2,2,4
2,2,2,5,5,4,4,5,3,5,4,5,5,4,4,1,5,5,5,4,2,2,2,1
5,5,3,5,5,3,4,3,4,5,5,3,2,3,2,4,4,3,5,4,3,4,3,2
4,5,3,5,3,3,5,1,1,3,2,4,2,3,1,2,4,4,5,3,5,4,5,4
4,4,1,4,1,2,3,3,3,4,4,3,2,2,3,2,3,4,4,2,4,4,3,3
3,2,4,4,4,4,2,4,5,5,4,4,2,3,5,3,5,5,5,2,1,1,2,1
2,1,2,5,2,2,3,3,2,2,1,2,2,2,2,1,3,2,1,2,1,1,1,2
2,4,2,2,3,3,3,3,2,3,4,5,5,5,5,4,3,3,4,1,4,5,1,4
1,2,2,4,2,3,3,3,3,5,3,3,2,3,5,2,2,2,5,2,1,2,1,2
4,3,4,2,2,2,2,2,4,3,4,3,2,1,3,2,1,2,1,3,1,1,2,1
3,2,1,4,3,2,4,3,2,3,3,2,3,4,2,3,2,1,1,1,4,2,2,2
4,3,2,4,3,3,1,4,3,4,3,3,3,2,4,2,5,5,5,2,1,1,2,2
5,5,2,5,3,3,2,4,3,4,5,5,4,3,5,2,3,4,5,5,3,3,4,2
3,4,2,4,4,2,3,4,4,5,5,3,2,1,3,3,1,2,4,5,2,5,2,2
2,1,2,2,4,3,5,4,3,4,2,5,5,4,3,4,4,3,3,2,3,2,2,3
2,5,2,5,5,3,5,3,4,3,1,2,1,1,2,2,4,3,4,3,3,5,2,4
4,2,1,1,2,2,3,2,3,5,1,3,1,3,2,3,1,4,2,3,2,2,2,2
2,2,1,5,4,1,2,3,5,5,5,3,4,4,2,3,2,4,2,3,3,2,3,4
2,3,2,4,2,1,3,1,2,3,1,3,1,1,1,3,3,2,3,5,2,2,1,5
2,2,3,2,4,2,2,3,3,4,4,3,4,5,5,3,3,2,3,3,3,1,1,2
4,4,2,4,5,4,5,4,1,3,1,3,3,4,3,1,2,2,2,3,3,2,5,3
4,5,3,2,2,2,5,4,3,2,4,5,4,3,3,1,5,5,5,5,3,3,3,1
2,3,1,4,5,3,5,3,3,4,2,2,2,1,3,5,3,5,4,4,3,2,3,1
5,4,3,3,3,2,3,4,3,4,2,4,3,2,2,3,3,4,3,4,3,5,4,3
1,1,1,3,3,2,2,1,3,3,2,2,3,4,4,4,4,2,5,3,2,2,1,1
4,5,2,3,4,4,3,5,5,5,3,4,4,4,5,4,2,2,3,1,2,1,1,5
3,3,1,3,4,5,4,2,5,2,3,2,3,3,2,3,5,4,5,2,3,4,4,4
5,3,2,5,4,4,2,2,4,5,3,3,3,4,3,2,2,1,3,3,1,1,1,4
4,1,2,3,5,5,4,4,5,5,3,3,4,4,5,5,4,3,4,3,1,1,3,2
1,3,1,3,3,2,1,4,2,3,2,5,1,2,2,2,3,3,5,3,1,4,2,1
5,3,3,2,3,1,2,3,4,4,2,4,1,3,3,2,1,2,1,4,3,2,2,2
3,2,2,5,3,1,3,3,2,2,1,5,2,1,4,1,1,2,4,1,3,2,3,3
1,2,1,5,3,1,3,3,1,4,3,3,1,2,3,5,1,2,1,3,2,1,2,1
1,1,3,5,2,2,1,2,1,2,2,2,2,2,4,2,3,1,4,2,2,1,2,3
1,1,1,3,3,2,4,3,3,3,1,5,2,2,3,4,3,2,4,4,2,3,3,2
2,1,1,5,2,1,3,4,2,3,2,4,1,2,2,3,2,3,3,2,1,2,2,2
5,5,2,2,3,2,2,1,2,5,3,3,1,1,2,2,2,3,5,5,2,3,3,1
4,3,4,5,1,2,2,4,3,2,3,3,4,5,5,4,3,3,3,3,4,3,3,5
2,5,3,5,5,3,5,3,4,3,3,3,3,3,4,2,3,3,2,2,4,4,2,2
3,3,2,4,3,3,4,5,3,5,1,1,2,2,3,1,4,4,2,4,4,3,2,5
4,2,3,5,3,2,2,5,2,2,4,4,2,2,3,4,1,2,2,2,4,4,2,4
4,4,3,4,4,3,1,1,4,5,3,5,2,1,2,2,2,3,5,4,4,4,4,3
4,4,3,4,4,2,3,2,2,2,3,5,1,1,5,3,3,2,4,3,5,3,3,4
2,2,1,4,2,2,3,2,3,2,1,3,1,2,2,3,1,2,2,5,4,2,2,1
4,5,2,3,4,4,4,1,5,5,1,4,4,2,2,3,3,2,3,2,3,2,2,4
1,1,1,5,2,1,1,2,5,3,1,4,2,2,3,1,2,2,3,2,2,2,2,5
2,2,2,3,2,2,2,5,1,3,1,4,4,5,3,2,1,3,3,2,4,2,2,1
1,1,2,2,3,3,5,4,2,3,4,5,4,4,3,2,2,2,1,2,1,1,1,1
4,2,2,3,5,4,5,5,3,3,3,4,3,1,2,2,5,4,5,4,2,3,4,3
4,4,4,5,3,2,2,4,1,2,1,3,1,1,1,2,1,3,3,3,2,2,1,3
2,2,1,3,2,3,3,2,2,3,2,2,3,4,4,4,2,1,4,2,3,3,1,5
2,2,2,2,5,5,3,3,3,3,2,4,1,2,2,4,2,2,2,2,2,1,1,2
4,5,4,4,2,2,3,4,4,5,4,2,5,4,5,3,5,4,5,2,3,4,4,5
5,5,3,5,5,5,5,5,5,5,4,5,2,2,1,3,2,4,1,2,4,2,2,3
4,4,4,3,5,5,5,3,4,3,2,4,1,1,2,3,2,1,4,4,1,3,2,3
2,1,1,2,3,2,1,2,4,4,2,4,3,4,5,4,1,1,3,4,2,1,1,2
2,2,1,5,2,1,2,5,3,4,3,3,2,2,2,2,2,3,2,2,4,5,3,5
1,1,1,2,2,2,2,3,4,4,3,5,2,2,1,5,3,4,5,1,1,2,1,1
2,2,1,3,3,4,5,3,4,3,2,4,2,1,2,3,3,3,1,2,4,3,1,3
5,4,3,4,4,2,4,3,3,3,4,2,3,3,4,4,2,2,4,5,3,4,4,1
2,2,2,3,4,3,3,3,1,3,1,2,3,3,5,5,5,2,5,4,2,3,2,2
3,2,2,5,4,3,3,4,1,3,1,1,2,4,3,3,3,3,3,3,5,4,5,2
1,2,2,5,3,2,3,5,5,4,4,5,3,2,4,2,2,3,3,3,3,2,1,2
3,4,2,4,4,2,4,4,5,5,3,2,3,4,4,3,5,3,3,5,2,1,1,2
3,3,2,2,2,2,2,2,4,5,3,5,2,3,4,1,3,1,1,1,4,3,4,4
1,2,2,5,5,5,3,4,5,5,4,5,5,5,5,5,3,3,3,2,1,1,2,1
3,4,3,4,5,3,1,2,2,3,2,2,1,1,1,2,4,2,3,2,4,3,4,1
3,2,3,5,4,2,2,5,4,4,5,4,4,3,4,3,5,5,5,4,5,4,2,1
3,2,2,1,2,3,3,5,3,1,1,3,4,3,3,4,2,4,3,2,4,4,5,4
4,4,1,5,3,2,4,4,4,3,1,4,1,1,1,1,3,3,4,4,5,5,4,2
5,4,2,5,1,1,1,1,4,4,4,5,3,2,4,3,4,3,2,2,4,3,2,3
5,4,2,4,3,5,5,2,3,2,1,1,3,2,3,2,2,3,4,5,4,4,4,2
2,1,2,4,4,4,3,4,4,3,2,3,3,3,3,1,5,3,3,3,4,4,4,4
2,3,1,3,3,1,2,3,2,2,2,2,2,2,3,2,2,4,2,3,1,1,1,1
4,5,4,4,3,1,2,3,4,5,4,2,2,2,2,1,5,5,5,5,3,4,3,5
2,2,2,4,3,3,4,3,2,5,3,2,3,3,3,2,2,2,3,4,3,3,2,5
4,2,2,4,5,3,2,3,1,3,1,3,1,2,3,3,4,5,4,4,3,3,1,2
5,5,4,4,5,3,4,4,5,5,5,4,5,4,5,4,3,4,4,4,4,3,2,2
2,2,1,5,5,3,2,1,3,3,1,1,2,2,3,2,1,2,3,4,3,5,2,5
4,3,1,4,4,1,2,2,1,2,1,5,1,2,2,2,2,3,2,3,2,1,1,1
2,1,1,4,3,2,4,2,3,3,4,4,3,1,2,1,4,4,3,2,2,4,3,2
3,4,2,5,3,2,3,5,5,3,2,3,1,5,4,3,1,4,4,3,4,2,2,3
1,2,2,3,4,4,3,2,3,4,3,2,1,1,3,5,2,3,4,2,1,1,1,1
3,4,2,3,2,3,3,3,3,4,2,4,2,1,2,5,2,3,4,1,3,4,1,1
2,2,2,3,3,3,5,4,3,3,1,3,3,2,4,3,2,2,4,3,2,1,2,2
2,1,1,3,4,2,3,5,1,2,2,1,2,3,2,3,5,3,5,3,2,2,1,1
3,4,3,3,4,2,3,5,4,4,3,2,2,1,3,1,3,1,3,4,3,3,1,4
2,3,1,3,3,2,2,3,3,3,1,4,1,2,3,1,4,3,5,2,3,2,3,1
3,2,3,3,3,3,5,3,3,4,2,5,2,2,2,3,2,2,2,1,4,4,2,3
1,3,2,5,1,1,3,2,2,2,2,4,3,4,5,2,4,3,3,3,5,3,4,1
2,3,1,1,4,5,4,3,4,4,4,5,2,2,2,4,2,5,5,3,2,1,2,1
1,2,1,3,4,4,1,3,4,3,2,3,1,1,1,4,4,2,3,2,2,4,2,1
4,4,4,5,3,3,2,4,5,5,3,4,4,3,2,4,3,4,5,3,2,1,2,1
3,1,2,4,5,3,4,4,1,2,1,4,1,1,3,2,1,1,2,1,1,2,1,4
5,5,1,5,4,1,2,4,5,5,4,5,1,2,2,1,2,4,4,2,2,2,2,2
2,4,1,4,5,4,5,5,1,2,2,4,4,1,4,3,2,2,2,2,5,1,4,4
3,2,1,3,3,4,4,5,4,3,2,2,4,4,3,2,4,3,5,4,2,3,3,2
4,4,2,2,5,3,4,4,2,2,5,4,3,4,5,3,3,3,5,3,5,4,4,4
1,2,1,4,4,3,3,5,1,2,2,3,1,2,5,3,5,5,3,2,2,5,4,2
3,1,2,3,3,4,1,3,3,3,3,3,3,4,2,4,2,4,4,5,2,2,1,2
1,2,1,2,4,3,3,5,1,2,2,3,3,3,2,2,1,1,1,1,5,2,3,1
2,1,1,3,4,4,3,5,2,4,2,4,1,3,4,2,4,5,4,3,3,2,4,3
1,2,1,5,5,3,4,5,3,2,1,4,1,1,3,1,1,1,1,1,4,3,4,2
5,3,3,5,4,4,5,4,4,5,2,5,2,3,5,2,2,3,3,5,3,2,3,3
2,4,3,4,5,2,2,3,3,4,3,2,2,2,2,2,5,5,5,3,3,3,2,2
2,3,2,3,3,3,1,1,3,2,4,2,1,2,4,1,2,2,4,2,1,2,2,5
4,4,1,3,5,5,4,4,5,4,2,4,4,4,5,4,2,2,4,2,5,3,2,3
5,4,4,5,4,3,2,5,2,3,1,5,3,5,3,4,1,4,4,3,3,5,5,4
3,3,2,5,5,4,3,3,4,1,2,2,1,3,2,3,4,3,5,4,1,2,1,1
3,2,2,4,3,1,3,4,3,2,2,4,3,2,2,1,3,1,3,3,2,2,2,1
3,5,5,2,4,3,5,5,1,3,1,4,4,3,5,1,1,2,2,2,5,3,4,4
2,1,1,4,5,3,3,3,2,4,2,3,2,3,2,2,2,2,4,4,3,3,1,2
3,5,3,5,3,3,4,5,4,5,4,4,2,1,3,2,4,3,4,4,1,2,1,3
4,5,4,2,4,5,3,1,4,5,5,3,3,4,4,3,3,4,5,3,2,3,2,3
2,3,2,4,4,1,3,2,2,3,3,1,2,4,3,2,3,3,5,1,4,2,2,1
2,3,1,4,3,3,3,2,2,5,1,2,3,2,1,5,2,3,2,2,2,5,2,4
5,3,2,5,5,3,4,3,3,5,2,3,1,1,3,3,3,4,3,3,5,4,4,2
1,1,2,2,4,3,3,4,1,2,4,4,2,2,4,5,3,1,1,3,1,1,2,3
5,5,3,5,5,3,4,4,5,3,4,4,2,2,2,4,4,5,5,5,2,1,2,4
4,4,2,4,4,4,3,5,4,3,4,3,5,4,4,5,3,3,5,2,5,5,4,3
5,5,3,3,5,5,2,5,1,4,2,2,4,5,5,2,5,5,5,3,4,5,4,5
5,5,5,2,5,5,4,3,5,5,5,5,1,3,2,4,4,5,4,2,4,3,2,3
5,4,5,5,4,2,1,2,5,5,1,5,2,2,4,2,1,1,4,1,5,4,3,4
3,2,1,5,4,1,3,4,3,1,1,4,4,2,2,1,2,4,2,1,3,1,2,1
4,4,2,4,3,2,2,2,3,2,2,4,3,4,2,5,3,3,4,3,2,3,3,3
4,2,2,4,5,3,4,2,4,5,5,2,2,3,4,3,5,5,5,4,5,4,5,2
4,5,5,5,5,5,5,5,4,5,3,4,1,2,1,1,4,5,5,2,5,5,4,5
3,4,2,3,3,3,1,5,3,3,1,5,2,1,2,2,2,3,3,1,4,4,2,1
4,5,3,4,3,2,4,5,2,2,3,5,3,4,4,2,1,1,2,1,5,5,4,3
4,2,3,1,5,4,2,4,3,4,2,2,2,3,1,2,2,3,5,3,2,3,3,1
3,5,5,3,3,1,2,4,4,5,2,4,4,5,5,3,5,5,5,2,4,4,3,3
2,5,1,4,3,1,1,5,2,3,1,3,3,2,3,4,3,3,3,5,3,3,1,5
2,2,1,5,4,2,4,2,2,3,2,2,2,2,1,1,1,2,3,3,1,1,2,3
3,3,1,4,3,5,3,5,4,3,4,1,5,3,3,5,3,4,4,2,4,3,1,5
5,5,2,5,4,5,3,4,4,2,4,4,3,3,5,4,4,4,5,2,5,4,5,2
4,3,2,5,3,5,3,5,4,4,4,3,5,5,5,4,4,4,4,1,4,4,3,2
4,4,1,5,2,1,4,3,4,4,4,3,4,5,5,5,3,2,3,1,2,3,3,1
1,2,1,4,1,1,1,4,1,2,1,2,3,2,3,3,3,2,5,2,2,2,1,2
3,3,2,4,2,1,2,3,4,5,3,3,3,3,4,5,2,3,4,1,4,3,1,1
2,4,2,3,4,3,3,2,1,2,1,2,1,1,2,2,1,1,1,1,3,2,3,2
3,2,1,5,3,3,1,5,4,5,4,3,3,2,4,1,5,4,5,3,4,3,2,3
4,2,2,5,4,4,3,2,2,3,1,3,4,4,5,3,2,2,3,3,2,4,2,1
4,3,2,4,4,3,3,5,4,4,4,1,3,5,3,4,3,4,4,2,5,3,5,2
3,4,2,5,3,3,4,3,3,4,2,4,4,3,3,2,3,3,5,5,2,3,5,2
2,2,1,2,3,1,1,5,1,4,1,1,2,3,3,3,4,4,5,1,4,2,4,2
2,3,2,2,4,2,2,5,3,4,1,2,3,2,2,1,1,2,4,2,3,1,1,4
2,3,1,5,3,2,2,4,1,2,3,4,2,1,3,1,3,3,4,2,3,4,5,2
3,4,1,5,3,3,3,5,5,5,5,3,5,5,4,2,4,2,3,2,4,3,2,2
4,4,3,5,5,4,4,5,1,1,2,4,2,4,4,1,2,3,2,2,2,5,3,4
4,3,1,4,3,1,2,1,5,5,2,5,1,1,1,3,1,1,3,2,2,3,2,3
1,2,3,2,4,3,3,3,3,5,2,1,2,3,3,1,3,3,4,2,2,2,4,4
2,5,2,4,5,4,3,3,4,4,3,3,3,2,5,2,4,3,3,2,2,2,4,3
3,3,3,2,3,2,4,4,3,3,2,1,5,5,5,2,1,2,4,1,1,2,2,2
5,5,5,4,5,4,5,3,5,5,5,5,5,3,5,3,3,3,3,1,2,3,2,4
3,3,2,5,4,3,3,2,2,3,1,3,2,1,2,1,5,4,4,3,4,2,3,2
3,2,4,5,5,3,5,5,3,3,2,1,2,3,2,3,1,1,5,2,2,3,1,2
3,4,1,5,4,4,5,5,1,3,3,5,2,3,4,1,2,4,2,2,5,5,4,1
3,3,2,1,5,4,5,4,2,3,3,3,2,2,2,4,2,4,3,2,3,2,1,3
3,4,4,3,2,2,1,4,4,5,3,2,3,2,4,2,4,4,4,2,1,1,2,2
4,5,3,3,2,2,4,3,2,5,5,5,3,4,5,3,5,4,5,3,4,4,4,4
5,5,5,5,5,4,5,5,2,2,1,1,5,2,3,3,5,3,4,2,3,1,1,1
3,4,2,4,4,2,5,3,5,3,2,2,4,3,5,4,3,4,3,5,2,4,3,2
2,3,1,2,4,3,5,5,3,4,2,1,2,3,3,3,5,3,5,2,2,1,2,1
1,2,1,3,1,1,3,2,3,3,2,5,2,1,2,1,3,1,3,1,3,1,2,4
3,5,1,4,5,5,5,4,3,5,4,4,2,4,3,4,5,5,5,3,5,5,5,5
5,4,3,5,4,4,5,4,5,4,3,5,2,5,3,4,2,2,3,2,4,5,4,4
4,4,1,3,4,3,4,2,2,2,2,3,2,3,2,2,3,5,4,3,2,2,2,2
4,2,3,2,1,1,2,3,3,2,1,4,5,4,4,3,4,3,5,3,1,1,1,3
2,5,3,1,5,4,2,3,2,4,3,3,3,5,3,4,5,4,4,2,3,4,3,1
3,5,4,5,3,2,2,4,4,3,1,3,1,2,5,4,4,3,5,3,3,2,4,3
3,4,3,3,2,1,3,5,4,5,4,4,4,4,3,4,2,3,5,2,4,2,4,2
1,2,1,1,2,1,2,2,2,3,1,2,2,3,2,3,3,3,5,3,2,1,1,5
4,3,4,5,5,5,4,4,3,5,4,3,2,5,4,2,5,5,5,5,5,3,5,5
4,5,3,5,4,3,2,4,1,2,1,3,3,5,3,2,3,3,4,2,4,4,4,4
1,3,1,3,1,1,1,2,2,3,2,3,2,2,4,3,2,1,4,2,2,2,2,1
2,2,1,5,5,4,5,4,3,3,3,1,2,2,2,4,3,5,2,3,5,5,4,4
2,3,1,4,2,1,4,4,1,2,2,1,4,4,3,5,5,5,5,4,3,4,3,2
1,1,1,2,3,2,4,5,5,4,4,5,1,3,4,4,3,3,2,3,1,2,1,3
3,3,3,3,2,3,5,3,3,4,3,3,3,4,4,2,4,3,3,3,3,5,3,3
5,5,2,5,3,1,3,2,5,5,3,5,3,4,5,3,4,4,4,3,5,4,4,3
4,5,2,5,4,2,2,4,5,5,4,3,3,3,5,5,3,5,4,2,5,3,3,4
5,3,3,4,3,1,1,2,2,1,1,1,3,2,2,2,3,5,5,2,2,2,2,1
2,3,2,3,2,3,2,4,3,3,3,2,3,4,4,3,4,3,5,3,2,2,3,1
3,3,1,5,1,2,1,2,3,3,3,3,3,4,5,2,1,2,2,1,2,2,3,3
3,2,2,3,3,2,2,5,1,2,1,1,1,1,2,3,2,2,1,1,3,3,5,4
3,5,2,4,4,2,4,5,1,2,1,5,1,2,3,3,4,2,5,4,4,3,3,2
1,3,1,5,1,2,2,3,2,3,3,3,2,2,4,2,3,2,4,2,2,2,3,2
2,3,3,3,3,5,4,5,1,3,2,5,1,2,2,1,1,4,5,3,3,3,3,1
2,3,2,2,5,1,2,2,4,4,3,3,3,1,2,3,1,1,4,4,3,3,2,4
2,2,3,3,5,2,2,5,3,2,2,1,3,3,2,2,2,1,1,2,2,3,3,4
1,2,1,5,1,3,3,2,5,5,2,5,2,1,1,3,2,2,3,2,2,1,1,3
5,3,4,5,2,2,4,3,4,4,3,2,3,4,5,4,3,3,3,2,3,3,3,3
3,2,1,4,4,1,2,1,4,4,3,4,3,3,3,2,3,1,3,1,1,1,1,4
2,2,1,4,4,3,5,5,5,5,5,3,3,3,5,3,3,4,5,2,5,4,4,2
3,2,1,5,3,2,4,2,3,5,1,5,1,3,1,2,2,4,2,4,5,5,5,2
4,4,4,3,2,2,2,3,3,5,3,5,2,2,4,2,3,4,4,3,2,3,2,4
4,3,1,4,3,4,5,3,4,5,3,2,3,5,4,3,2,4,5,5,3,3,3,3
3,4,2,3,2,2,2,2,2,3,1,3,3,3,2,3,2,1,3,3,2,3,2,1
1,1,1,2,5,4,3,2,4,2,1,3,3,1,5,1,2,2,3,1,4,3,4,2
2,1,2,3,1,1,2,4,3,3,2,4,5,3,5,4,2,4,5,4,3,5,2,5
3,5,3,4,3,1,2,2,3,3,2,3,2,3,4,2,5,5,5,3,4,5,2,4
5,4,2,5,4,3,4,2,5,5,3,3,2,4,3,2,2,2,4,5,5,5,5,5
5,5,4,5,2,4,2,5,5,4,3,3,3,5,5,3,2,3,5,2,3,4,1,1
2,4,1,1,2,3,3,5,4,5,4,4,3,5,4,3,1,4,3,1,1,1,1,3
5,5,3,4,5,2,4,5,4,3,2,5,4,5,3,3,4,3,4,2,4,5,3,2
3,4,1,3,3,2,3,2,2,2,1,4,4,3,3,3,2,3,1,1,1,2,1,1
4,4,1,5,2,2,1,2,2,3,4,2,4,2,5,4,5,3,3,2,5,5,4,4
4,3,3,3,5,4,4,4,4,4,4,4,4,3,5,5,5,4,4,2,5,4,2,5
3,5,1,4,5,2,3,3,4,5,1,3,5,4,5,4,4,3,4,4,5,5,2,2
2,3,1,5,3,3,3,4,3,3,1,4,2,1,2,1,3,1,3,5,2,5,4,2
3,4,3,3,2,1,2,3,3,3,2,5,2,2,2,2,2,1,5,1,4,4,3,5
3,5,3,5,2,3,4,4,3,5,4,3,1,1,2,1,4,4,4,5,4,4,1,3
5,4,5,3,3,4,2,3,5,5,2,5,4,3,3,5,4,3,5,2,1,3,2,2
5,5,5,4,5,4,4,5,3,2,3,2,4,5,3,5,5,5,5,4,4,4,2,5
3,5,2,3,5,5,3,4,3,2,2,3,3,3,5,4,2,1,4,1,5,5,2,2
1,2,2,3,2,3,4,2,4,5,4,4,3,3,5,4,4,4,5,3,4,2,2,1
5,4,4,5,2,3,2,5,5,2,4,3,3,3,4,3,2,2,2,1,2,4,2,4
3,4,2,5,2,2,1,1,5,4,2,5,4,4,3,3,3,4,5,4,4,4,2,2
4,5,2,5,4,3,3,3,4,4,4,4,3,5,5,2,3,3,4,3,4,3,3,2
3,2,2,5,3,2,3,3,2,3,4,4,3,3,4,3,1,3,1,2,4,5,5,1
4,2,3,3,2,2,3,5,1,3,2,1,1,1,1,1,2,2,4,2,4,5,4,4
5,4,3,5,3,2,2,5,3,5,1,4,3,2,3,3,1,1,4,3,2,4,1,3
4,2,2,5,2,2,3,5,1,4,3,5,4,4,3,3,4,1,1,3,4,2,1,4
4,3,2,3,5,4,4,4,4,5,2,3,5,2,4,5,2,5,4,2,5,5,4,4
1,2,1,4,1,1,1,5,1,3,1,1,1,2,1,3,2,3,2,3,2,3,2,3
4,4,4,5,4,3,3,4,5,5,5,5,3,3,4,4,3,3,4,3,3,2,2,3
5,4,4,5,5,3,5,5,5,5,3,5,5,5,4,3,5,5,5,4,4,5,2,3
4,3,1,4,3,3,3,4,5,4,3,5,2,3,4,5,3,4,4,3,5,5,2,4
1,3,2,2,3,1,2,3,1,4,2,5,1,2,1,3,2,2,3,2,3,2,5,1
3,1,1,3,1,1,1,2,3,3,2,2,1,1,3,2,2,2,4,2,1,1,1,1
4,5,2,5,3,3,3,3,2,3,2,2,2,3,2,2,4,4,5,2,2,4,2,4
5,5,3,2,3,5,3,5,3,4,3,2,5,4,4,3,4,4,4,2,5,4,3,4
3,4,1,2,4,2,1,4,2,3,3,4,3,4,3,3,1,1,1,2,5,4,4,3
1,2,1,3,3,2,2,3,1,2,1,3,3,1,4,1,2,3,4,4,2,2,1,3
4,5,4,4,2,1,1,5,3,5,4,3,3,2,5,1,3,3,5,3,5,5,3,2
3,3,1,4,1,1,2,1,1,3,3,4,4,4,4,3,2,3,5,3,3,5,1,1
5,5,5,5,3,2,3,4,4,4,3,4,3,2,4,5,4,3,5,3,3,2,3,2
4,4,3,4,2,2,2,4,2,2,1,3,1,1,3,3,2,4,3,4,4,4,4,4
3,4,3,2,4,3,4,5,5,4,4,2,2,2,4,2,3,3,4,3,2,2,3,1
1,3,1,5,2,2,4,3,2,3,2,2,1,1,2,1,2,3,3,1,2,2,2,1
1,1,2,2,4,2,2,3,3,2,3,1,1,2,1,3,1,2,2,3,2,3,1,2
3,2,1,2,2,3,2,5,4,4,4,4,4,3,3,2,4,3,5,2,2,4,3,1
1,3,1,5,3,1,2,5,2,4,1,3,1,2,3,3,4,5,5,4,4,3,3,1
2,4,1,4,5,3,4,3,2,2,1,3,3,3,5,3,2,3,5,4,4,5,4,1
3,3,2,4,1,1,1,3,3,3,4,4,4,5,3,4,3,3,3,3,2,2,5,3
2,4,1,5,4,3,4,5,3,3,2,4,4,4,4,3,2,2,3,1,5,3,5,2
2,4,2,5,2,1,1,1,3,3,3,3,3,4,4,4,1,3,4,2,3,3,2,1
3,5,5,4,4,4,3,3,2,4,2,3,3,4,5,3,2,1,2,2,4,3,3,1
2,2,1,5,2,2,3,5,3,4,1,1,1,2,2,2,3,2,4,2,1,2,4,2
3,5,2,2,2,1,1,4,3,3,2,3,1,1,2,1,2,1,3,2,5,4,3,1
3,5,2,5,5,3,4,4,4,5,2,4,1,2,1,1,2,2,4,4,3,2,1,5
4,3,2,3,3,1,2,3,4,3,3,2,2,2,2,2,3,4,5,2,4,1,2,1
4,3,1,5,1,1,1,2,4,5,2,5,3,4,4,5,1,1,3,2,2,2,2,2
3,5,5,5,5,3,2,3,5,5,4,3,3,2,4,4,2,3,3,2,5,3,4,3
2,2,3,2,3,3,3,5,2,2,1,3,1,1,1,2,1,1,3,3,2,1,1,1
4,5,3,5,2,3,2,2,1,1,1,2,2,2,3,1,1,2,3,2,2,4,2,3
5,5,3,5,3,2,3,4,5,4,4,5,3,3,3,4,2,4,4,1,3,1,2,2
1,2,2,5,5,3,5,3,2,2,1,4,4,4,4,3,4,5,4,1,4,4,5,5
5,3,4,3,4,3,4,5,3,5,4,4,3,3,4,5,4,2,4,3,1,2,1,1
2,4,1,3,2,3,2,3,5,4,5,1,3,3,2,2,3,1,4,1,3,3,3,1
2,4,2,4,3,2,1,3,3,3,4,5,3,3,4,2,3,2,2,3,3,3,2,1
3,3,1,4,4,3,4,2,2,2,2,5,3,3,3,2,3,3,4,1,3,2,3,3
4,3,2,5,4,2,4,2,3,4,3,3,3,5,5,2,4,2,4,2,2,2,2,2
5,2,3,2,5,3,4,4,3,4,4,4,3,2,4,2,1,1,3,1,4,3,3,4
2,3,1,5,2,3,4,2,5,3,3,2,4,4,4,3,3,4,4,3,5,5,2,4
3,3,1,3,4,3,3,5,2,3,3,1,4,3,3,2,1,1,3,3,3,3,2,2
2,4,1,3,1,1,2,1,4,5,4,3,2,2,4,1,3,4,5,3,2,4,1,1
3,2,1,3,1,2,1,2,2,3,2,2,3,4,5,5,1,2,4,1,3,2,3,2
2,2,3,4,1,1,2,3,1,2,2,2,4,2,3,1,3,2,4,1,2,1,2,5
1,2,1,1,4,2,4,3,1,2,1,1,1,3,1,3,1,2,1,2,2,3,1,3
2,2,2,3,2,2,1,2,3,4,3,3,3,1,3,3,3,5,3,1,5,3,5,5
2,3,1,2,3,2,2,2,3,4,2,3,2,2,1,5,1,1,1,1,3,2,2,3
2,4,2,5,1,2,1,1,1,2,1,2,2,2,1,3,3,2,5,4,2,1,2,2
3,3,1,3,1,1,1,2,1,3,1,3,3,1,2,2,1,1,2,1,2,1,1,1
3,4,1,3,2,2,2,5,3,4,3,4,4,3,4,2,1,3,5,1,3,2,2,3
4,4,2,5,5,5,4,4,1,2,2,5,2,3,2,5,3,4,5,2,4,4,2,3
5,4,3,5,4,4,4,5,4,4,4,5,3,3,1,1,4,3,3,2,2,2,3,3
4,4,2,5,3,4,5,5,4,4,4,4,3,3,3,3,3,1,4,5,5,4,2,3
1,1,1,3,5,3,3,5,4,5,2,2,1,2,3,2,2,2,3,4,2,3,2,1
4,1,3,5,3,1,2,1,3,2,1,3,3,4,3,3,3,2,3,3,4,2,3,4
2,3,1,4,5,5,5,4,5,5,5,5,5,5,5,5,4,5,4,3,4,3,4,2
4,4,2,4,5,5,5,5,2,2,1,2,2,3,5,3,3,3,4,4,3,5,4,1
3,3,2,4,3,3,4,3,5,4,2,5,1,1,1,2,3,4,5,1,1,1,1,2
3,3,5,3,4,2,4,5,4,4,1,2,4,2,4,3,3,3,5,4,3,3,4,2
2,4,1,5,3,1,4,5,5,3,4,4,3,3,3,4,4,3,4,4,5,5,2,4
3,3,3,4,3,1,3,3,4,3,1,4,2,2,5,3,5,5,5,3,5,3,5,4
4,3,1,5,5,3,3,3,5,4,2,3,1,2,2,2,4,5,4,4,3,4,3,4
3,4,2,5,3,4,3,2,4,3,3,3,3,4,3,3,3,5,5,2,4,4,3,2
2,1,1,5,2,2,1,2,3,4,3,3,2,1,3,1,1,2,3,1,3,3,1,2
2,2,1,2,4,4,3,2,3,4,1,2,1,1,2,1,1,2,2,3,4,3,2,2
3,3,2,4,3,2,2,4,1,3,2,4,2,2,3,2,3,3,2,2,2,1,2,1
3,3,1,5,1,1,1,1,3,5,2,2,5,5,5,4,2,2,4,3,4,1,3,2
3,3,3,5,4,4,3,4,1,1,1,3,1,1,2,2,4,3,5,5,2,2,3,2
1,2,1,2,3,2,2,4,2,2,2,3,3,3,4,4,2,1,3,1,4,2,1,1
2,1,1,2,3,1,1,1,3,5,2,2,2,3,3,2,2,2,2,2,1,3,1,1
5,5,3,5,3,3,5,5,4,4,2,4,3,3,4,4,5,5,5,5,4,4,3,3
2,2,1,3,2,1,1,3,1,3,1,2,3,3,2,3,1,2,2,3,1,2,2,1
2,3,1,3,3,1,1,4,2,5,3,4,3,4,3,2,2,1,4,1,3,5,3,1
5,5,3,5,5,5,4,3,3,5,3,2,1,1,1,2,4,4,5,2,4,3,5,4
3,3,2,5,4,3,4,5,2,5,4,3,5,3,2,5,2,1,3,2,4,5,4,5
4,5,3,4,5,4,4,5,5,5,4,2,5,5,5,4,5,4,5,3,2,2,2,4
2,3,1,3,2,2,1,3,3,3,3,2,3,2,4,3,1,3,4,3,1,3,2,1
3,4,1,4,5,4,5,5,3,4,3,5,5,5,5,3,2,4,3,3,2,2,3,2
5,3,4,3,3,4,3,3,5,4,2,5,4,2,1,5,2,3,4,3,4,2,2,5
4,5,2,4,5,3,3,5,5,5,5,4,4,4,4,3,3,4,5,2,4,4,2,2
5,4,5,5,4,4,5,5,5,5,4,4,5,5,4,2,3,4,2,3,5,5,4,5
2,3,3,5,3,2,2,4,3,1,3,4,4,4,4,4,5,3,5,1,5,3,5,1
4,4,2,5,2,2,3,1,3,4,1,2,4,4,4,3,2,2,4,3,4,4,4,5
1,3,1,3,4,3,3,4,4,3,2,4,2,1,4,2,3,1,4,4,4,4,3,2
1,1,3,4,2,2,2,2,3,4,4,2,2,3,3,2,2,2,3,1,1,1,2,4
2,3,3,3,3,2,2,2,4,3,3,2,3,4,1,5,2,2,3,3,4,1,3,5
2,1,1,2,1,1,2,5,2,3,1,4,1,1,1,2,2,1,3,1,2,3,1,2
3,3,2,4,3,5,5,3,1,1,1,4,1,2,2,3,4,5,4,4,3,2,3,2
2,3,1,5,4,3,3,3,3,4,1,4,4,3,3,3,1,2,2,2,1,4,1,2
3,2,2,4,5,5,5,3,5,5,3,2,2,1,1,3,3,4,4,3,3,4,1,2
4,4,2,5,4,2,4,2,5,5,5,4,4,3,2,5,5,4,5,4,4,5,5,3
2,4,1,5,2,2,3,5,3,5,2,3,2,3,2,2,2,3,3,4,2,2,2,1
1,1,1,1,3,2,2,2,3,2,1,1,1,2,1,1,2,3,2,2,2,1,1,1
1,3,1,2,2,3,2,4,1,3,3,5,4,4,3,5,2,3,4,1,1,1,1,1
3,5,1,2,3,1,1,4,4,2,3,1,2,1,2,3,2,5,4,3,5,3,2,4
4,3,2,5,3,2,2,3,4,5,2,3,5,3,3,3,1,3,3,2,2,1,3,4
3,3,2,5,5,3,5,5,4,3,3,3,5,4,3,4,3,3,5,3,4,4,5,5
5,5,3,5,5,5,5,3,2,4,5,1,3,3,3,2,5,5,4,3,5,4,3,4
3,3,3,5,2,1,4,5,2,4,1,1,2,3,4,3,1,1,2,1,4,2,3,2
2,4,2,3,3,2,2,5,2,4,1,4,3,5,3,2,3,3,4,2,3,2,2,3
1,1,1,3,4,3,3,3,3,1,3,2,4,5,4,2,1,2,3,2,4,2,4,3
4,4,4,5,5,3,4,3,5,5,5,5,2,4,3,5,2,4,3,4,4,4,5,2
2,2,2,2,3,2,2,3,5,5,2,5,4,3,5,2,2,2,4,2,5,3,3,3
1,3,2,5,5,2,4,3,4,5,3,4,4,2,4,5,3,4,3,1,3,3,3,2
3,3,2,5,3,1,2,5,3,3,3,4,3,4,5,5,5,5,5,3,5,4,4,5
1,2,1,4,2,3,1,1,2,1,1,3,2,1,4,1,3,3,3,1,4,3,3,3
5,5,2,5,5,3,5,4,4,5,3,1,3,4,3,2,5,3,2,4,5,2,3,4
1,1,1,4,1,1,1,3,1,1,1,1,3,5,4,2,1,1,2,1,2,1,3,1
4,4,4,4,3,3,2,3,3,4,3,4,3,2,2,3,5,3,4,2,3,5,2,3
2,4,4,4,5,2,4,3,3,5,2,4,3,5,4,2,5,3,5,3,2,3,4,2
3,4,3,5,2,1,1,2,3,4,2,4,2,2,1,2,2,4,4,5,1,2,1,1
3,4,1,5,5,4,5,5,5,4,4,3,3,5,4,3,4,5,5,2,5,3,3,1
3,2,2,2,2,2,3,3,3,2,4,4,1,1,2,1,1,1,4,2,4,3,5,1
1,2,1,5,2,1,1,3,4,3,3,5,1,3,2,1,2,3,3,3,4,4,3,3
3,4,4,5,4,3,4,1,4,5,3,5,4,4,4,4,3,2,4,5,5,3,4,5
1,1,1,5,5,2,3,4,1,3,2,4,1,2,1,1,5,5,4,4,3,3,4,2
3,3,3,5,2,1,4,1,2,4,2,2,3,4,4,4,1,1,4,3,3,3,3,2
3,5,1,4,4,3,3,4,2,3,4,4,1,2,2,3,2,1,3,3,3,2,3,5
2,1,2,4,3,1,4,5,3,3,2,3,1,1,1,2,1,1,2,1,3,2,2,2
2,2,1,5,2,2,4,2,2,3,2,3,1,1,1,2,2,2,5,3,3,4,4,3
4,3,2,3,3,1,3,3,5,5,3,4,2,3,4,4,3,4,2,4,3,2,1,2
1,3,1,4,1,2,2,2,3,4,2,3,3,1,2,1,2,2,3,1,2,3,1,1
4,4,1,5,5,5,5,5,4,4,3,2,2,2,4,2,5,5,5,3,3,5,5,4
3,5,4,4,3,1,1,3,3,5,3,4,2,4,4,3,2,1,2,1,3,3,3,3
3,3,5,5,4,2,3,5,5,5,4,5,3,5,3,5,3,4,3,4,3,4,1,3
2,4,5,2,1,1,2,3,2,5,2,3,4,4,5,5,2,3,3,2,2,3,1,3
3,2,2,2,4,4,3,4,5,4,3,5,1,2,1,1,1,2,1,2,1,2,4,5
1,2,2,5,3,1,1,3,1,3,2,3,2,4,3,4,1,2,3,1,2,1,1,1
2,3,1,5,5,3,2,4,1,3,2,2,1,1,1,3,1,3,2,2,4,3,2,4
2,1,1,2,3,2,2,1,2,4,3,5,2,1,2,4,2,3,3,1,3,3,1,3
3,3,3,5,2,2,2,3,2,4,2,3,4,2,2,3,2,1,2,2,1,1,1,1
5,5,4,5,5,2,4,4,4,3,3,5,4,2,5,3,4,3,5,2,2,2,2,3
2,3,3,4,3,4,4,5,5,4,3,4,1,3,3,4,5,5,5,4,4,3,3,5
4,4,1,5,2,3,3,3,2,3,2,3,2,2,4,3,3,1,3,2,3,3,4,1
3,4,2,2,5,3,2,2,1,4,5,2,5,5,5,5,2,4,2,1,4,3,3,4
2,2,1,5,3,1,3,3,5,5,4,4,3,5,4,5,5,4,5,1,4,4,4,4
5,4,3,5,5,3,5,3,3,5,3,3,1,2,3,3,4,2,4,1,2,2,3,3
1,1,1,5,2,4,3,1,1,1,1,1,1,2,4,1,4,1,3,2,4,4,2,4
3,4,3,4,2,3,2,4,3,5,3,3,2,2,4,2,2,1,4,3,1,2,2,2
1,2,3,3,2,2,4,4,2,3,3,2,3,2,3,1,3,3,4,3,2,2,1,3
5,4,5,5,4,4,4,5,3,5,2,4,5,5,5,3,5,4,5,4,4,4,3,2
5,5,5,5,2,2,2,5,3,2,3,5,1,1,3,3,1,1,4,1,3,4,3,3
4,3,2,5,1,1,2,2,3,3,2,2,3,3,3,3,2,1,3,3,5,3,2,2
5,4,3,5,2,3,4,2,1,3,1,5,3,4,3,4,2,2,3,2,5,5,5,2
1,2,3,3,5,4,3,4,4,3,4,4,2,4,5,3,2,3,3,3,3,2,4,2
3,5,3,4,4,5,5,3,5,4,3,3,3,3,2,2,4,3,5,2,4,4,2,3
3,5,1,3,3,4,3,2,3,3,3,4,1,2,2,2,3,3,3,3,2,3,2,3
4,5,2,4,4,2,1,3,3,3,1,3,5,2,3,3,1,1,2,2,1,1,3,1
4,4,4,5,3,3,3,3,5,5,3,4,1,4,3,3,3,4,4,4,5,5,5,2
1,1,1,4,2,2,2,1,3,3,1,3,5,3,3,3,3,2,2,2,3,3,2,3
3,4,1,5,2,3,3,3,5,5,5,3,2,2,3,2,4,3,5,3,3,5,3,3
4,3,1,4,1,1,2,1,1,3,1,4,1,2,3,2,2,3,4,1,4,3,3,4
3,2,1,4,4,5,3,4,3,4,2,3,2,2,1,5,2,3,2,1,4,4,2,5
4,4,1,4,3,2,5,3,3,4,3,1,4,5,4,5,3,2,4,1,4,2,2,3
3,5,5,4,3,1,1,4,5,5,5,5,5,4,5,2,4,1,3,4,4,2,5,3
1,3,1,4,4,3,3,5,5,3,4,2,5,4,5,1,2,4,3,2,1,2,2,2
1,3,1,5,3,4,3,4,1,1,1,1,3,3,1,2,2,1,2,2,3,3,2,5
3,5,3,4,3,2,3,1,3,4,3,5,2,2,4,4,4,2,5,1,3,1,1,5
4,3,4,3,4,2,4,5,4,4,4,2,4,3,5,2,3,2,4,2,3,2,2,3
4,3,4,3,3,3,2,5,4,4,3,1,4,4,5,5,1,3,3,1,5,2,2,3
3,4,3,3,1,1,1,3,2,5,3,4,2,3,2,3,1,1,2,1,2,3,1,3
3,2,3,5,5,3,3,5,3,2,2,3,4,5,4,3,1,1,4,2,5,5,3,3
4,3,2,5,4,3,3,3,4,4,2,3,1,2,2,3,4,4,3,4,4,4,5,5
5,4,5,3,5,5,5,2,5,5,5,4,4,5,5,3,2,5,5,4,2,2,2,4
2,2,1,3,2,3,3,2,1,1,2,3,1,1,1,1,1,1,3,2,3,2,2,3
2,4,3,5,2,3,3,5,2,3,1,2,1,1,3,3,4,1,3,1,5,4,4,3
2,2,1,1,5,4,4,2,2,2,1,4,2,1,3,2,3,2,5,2,3,1,2,1
1,2,2,3,4,3,2,3,1,1,1,1,2,2,2,4,4,3,5,2,5,5,3,4
1,1,1,3,3,2,3,3,4,5,4,5,3,3,3,4,3,3,4,1,3,3,4,3
3,5,2,3,1,2,3,2,2,2,2,4,2,2,2,3,3,3,3,2,2,1,2,1
3,5,2,4,4,4,5,3,3,4,4,2,1,3,2,2,4,3,5,2,3,4,3,1
3,3,4,5,2,1,3,3,2,5,2,2,4,3,5,4,4,3,5,4,4,4,4,4
1,3,1,2,3,2,2,2,2,2,1,4,3,2,5,2,1,1,1,1,3,3,2,1
3,4,5,5,1,3,2,1,1,1,2,1,2,3,4,3,2,2,3,2,1,1,2,2
3,2,2,5,3,1,2,3,1,2,1,2,1,2,3,1,2,2,3,4,3,2,1,3
5,5,5,5,4,3,3,5,5,4,2,5,2,3,5,5,3,2,4,1,4,2,3,3
4,3,3,2,5,3,4,5,3,4,2,3,3,4,4,3,4,4,5,3,4,5,4,3
3,4,2,5,4,3,4,3,3,4,2,1,1,1,1,5,3,4,3,1,4,2,2,1
1,1,1,3,3,3,3,2,3,4,3,5,1,3,2,5,3,2,3,1,3,2,2,3
1,1,1,3,3,3,2,3,3,4,3,2,1,3,3,3,3,2,4,2,1,1,2,3
3,2,2,3,2,2,2,5,3,3,3,2,2,3,2,3,2,2,5,1,2,1,1,1
2,2,2,4,3,2,5,5,3,4,3,4,2,1,2,2,2,4,3,1,2,4,2,3
4,2,3,5,3,2,3,5,4,4,4,4,3,5,5,4,3,5,3,5,5,5,3,5
3,3,2,3,5,3,3,5,1,3,1,5,3,2,4,3,2,5,3,1,2,1,2,2
1,2,1,3,2,1,1,3,3,4,3,1,2,2,2,3,4,3,3,5,5,3,2,3
4,4,4,4,4,4,2,4,3,4,1,4,2,4,4,5,4,3,5,2,4,3,2,4
2,5,2,4,2,2,3,4,2,4,1,4,2,2,4,1,1,2,3,2,2,2,3,2
4,5,5,5,5,5,5,3,3,5,3,3,3,4,3,2,4,2,4,4,4,5,3,2
1,2,1,5,2,1,1,1,2,4,2,4,2,3,3,2,1,3,2,4,3,2,3,3
5,5,3,4,3,1,3,4,3,5,4,5,2,3,3,4,2,4,4,1,3,2,2,2
4,5,3,5,4,3,4,5,2,3,1,1,2,2,3,3,3,4,4,2,1,2,3,2
4,5,5,5,4,3,3,2,5,3,3,5,3,3,2,2,3,4,4,4,2,3,3,2
4,3,3,5,3,3,5,5,5,5,3,2,2,2,4,4,4,4,3,3,2,3,3,2
3,1,2,4,3,2,3,5,1,4,1,1,4,3,5,2,2,2,2,3,5,4,4,4
4,5,2,4,3,3,2,3,3,4,3,3,2,2,2,1,1,1,3,3,1,1,1,4
1,2,1,4,1,2,3,2,1,2,1,5,2,2,2,2,2,3,2,4,5,5,4,5
1,2,2,3,5,1,3,3,1,2,1,2,4,4,4,2,2,1,3,2,5,4,4,5
4,5,2,5,5,5,4,4,4,5,3,4,4,3,5,5,4,3,5,3,4,5,4,4
2,3,2,5,2,1,3,3,4,4,1,5,5,5,5,4,4,3,4,3,3,3,3,1
3,3,3,5,4,2,2,5,2,1,2,2,5,4,5,5,4,4,4,3,4,3,4,3
4,2,2,4,5,3,5,2,4,4,4,2,3,4,2,3,1,1,3,3,3,3,3,5
4,4,4,5,5,2,3,2,1,3,1,2,1,1,3,2,1,3,2,3,4,5,2,2
3,4,4,3,3,3,3,4,5,5,5,5,2,4,3,4,5,3,5,4,4,3,3,5
2,2,1,5,3,4,3,3,1,4,3,3,5,2,4,3,1,1,4,3,3,3,2,2
3,2,1,4,5,4,5,5,5,5,2,5,3,5,5,5,4,3,5,3,5,5,5,1
3,2,1,4,4,1,3,5,3,4,1,4,3,4,4,4,4,3,3,3,2,5,3,4
3,4,2,3,3,3,2,4,2,3,2,2,2,3,5,1,3,2,3,1,2,1,2,4
2,3,3,4,2,4,2,4,4,3,2,3,3,3,5,4,2,2,3,2,4,4,2,2
2,2,1,3,3,2,2,3,4,5,2,2,4,4,4,5,3,3,5,4,5,4,3,5
3,5,3,5,2,2,2,4,4,2,1,3,3,3,3,4,3,1,5,5,5,4,5,1
2,4,1,4,5,5,5,4,3,3,2,5,2,3,4,1,5,2,3,1,3,3,5,1
3,2,3,5,5,4,3,4,5,5,3,5,4,3,4,2,4,3,5,2,5,4,3,3
2,3,1,5,3,3,5,4,5,4,3,4,3,3,3,2,4,2,5,3,3,2,1,3
2,3,2,3,2,1,4,5,1,3,1,2,2,2,4,1,3,3,2,1,3,3,1,4
5,5,3,5,4,4,4,2,4,5,4,5,3,3,5,5,3,4,3,2,5,2,3,3
5,3,2,4,2,2,2,1,4,5,4,5,3,2,5,3,3,2,4,3,3,2,2,2
1,3,1,3,3,1,4,3,2,4,3,5,2,2,4,3,1,1,2,4,3,3,2,3
1,1,1,5,2,1,3,4,4,5,2,5,2,4,2,3,1,2,4,1,1,1,2,2
3,3,3,4,4,4,2,4,4,4,4,2,4,3,4,4,4,2,3,2,5,3,1,1
5,5,4,5,3,3,3,5,3,3,2,2,4,2,3,1,4,2,5,4,1,3,1,2
2,3,2,5,4,2,3,4,5,5,3,2,3,4,5,2,4,3,5,4,4,5,3,3
2,2,1,2,3,2,3,2,1,4,1,1,2,2,3,1,3,3,3,3,3,2,1,2
4,1,1,3,5,3,4,2,5,5,3,5,5,5,5,4,3,4,5,5,4,4,2,3
2,5,2,2,5,5,4,4,2,4,2,2,1,2,3,2,1,1,4,2,2,2,1,1
4,3,3,4,4,3,3,5,3,5,1,5,1,2,3,2,3,4,3,5,3,3,3,3
4,4,5,1,4,2,2,3,4,5,5,5,3,4,5,1,2,1,3,2,3,3,4,4
1,2,1,4,2,1,3,3,4,4,2,3,3,4,3,2,1,1,1,2,2,1,1,3
1,3,2,5,2,1,1,3,2,2,3,5,2,3,4,4,3,3,4,1,4,2,1,1
4,4,3,4,4,4,3,2,3,3,2,5,2,2,2,4,1,1,1,3,2,2,1,1
4,3,2,2,4,4,2,5,5,5,4,3,2,5,3,4,2,2,2,2,2,2,1,3
3,4,2,3,4,3,4,5,1,4,1,1,1,1,1,1,1,3,2,3,4,3,1,2
1,2,1,3,1,1,2,2,3,4,2,3,3,2,4,4,2,1,5,2,3,2,1,5
3,4,1,3,2,2,2,2,5,4,4,3,4,4,5,5,5,4,5,4,1,1,1,3
5,5,3,5,3,1,1,3,4,4,3,4,4,2,3,3,2,2,4,3,3,3,4,3
4,5,3,5,1,2,3,1,3,5,3,4,3,5,5,1,3,3,4,2,4,2,2,3
3,5,4,3,5,4,5,4,4,4,2,3,1,1,2,4,4,2,4,2,3,5,1,1
4,4,1,5,3,3,4,4,4,4,3,4,4,3,5,2,1,2,2,2,1,1,1,2
4,3,3,5,3,1,2,5,4,4,1,2,1,2,1,3,4,2,4,4,3,4,1,2
5,5,3,5,4,1,1,3,1,3,2,3,3,5,4,3,2,2,4,5,1,2,1,2
4,4,2,5,1,3,1,4,1,2,3,3,3,3,5,5,2,2,2,3,3,2,2,2
2,1,2,3,5,5,5,3,5,3,5,4,4,3,4,3,5,5,5,5,5,3,3,3
5,5,5,5,4,4,4,4,4,5,5,5,4,4,3,3,2,3,2,1,3,2,3,1
2,1,2,3,5,5,5,2,4,4,2,2,5,2,3,5,4,3,4,5,3,2,2,3
3,4,3,3,4,3,3,3,3,5,1,3,1,2,5,2,2,2,2,3,5,5,2,2
2,3,4,4,5,3,2,3,2,3,4,3,3,3,5,4,3,5,4,3,1,2,2,2
1,1,1,2,2,1,1,3,2,3,1,2,3,2,3,2,3,1,2,2,1,1,2,3
5,5,4,5,5,5,5,3,3,4,2,5,3,4,3,2,4,2,3,1,2,2,4,5
5,4,3,2,4,3,4,4,5,3,3,3,5,3,5,4,4,5,5,2,2,3,1,1
3,3,3,3,3,3,5,3,4,5,3,3,2,3,3,4,2,3,5,5,2,3,2,2
3,4,1,5,2,3,3,3,4,3,2,2,2,1,3,4,4,2,2,1,1,1,1,2
3,5,2,4,5,4,3,4,5,4,4,5,2,4,3,5,3,2,5,1,3,4,4,1
1,3,2,4,1,2,3,3,1,2,1,2,2,3,1,2,2,1,3,1,3,2,1,3
4,3,1,5,5,3,3,5,4,2,3,4,3,3,5,2,3,4,4,2,5,5,5,3
3,3,3,5,5,4,5,4,5,5,1,5,2,4,3,2,2,2,4,3,4,5,3,3
3,4,1,2,5,3,3,3,3,4,3,3,4,3,5,2,2,2,3,4,5,4,4,2
3,5,3,5,1,1,1,3,3,3,2,5,2,2,2,3,1,1,3,1,5,4,4,3
2,2,2,3,3,1,4,2,3,5,1,5,1,3,1,2,1,4,2,1,4,3,1,3
4,4,2,5,4,2,4,3,2,2,2,5,1,3,2,4,1,2,2,3,4,2,2,3
4,5,4,5,2,1,2,5,3,2,1,3,2,3,3,1,5,3,5,3,5,4,4,2
3,4,1,2,4,2,3,2,3,3,4,4,2,3,4,2,4,2,5,4,2,2,3,2
5,4,4,3,2,1,2,2,2,2,2,1,2,3,1,2,2,1,2,1,2,3,3,3
3,2,2,1,2,2,2,3,4,5,4,3,4,5,5,5,3,2,1,2,3,3,3,2
1,3,1,3,1,1,2,2,4,4,4,2,2,1,2,1,1,1,3,2,3,4,2,4
4,3,5,5,5,1,2,3,2,3,2,5,1,2,4,3,5,3,5,3,5,4,5,3
3,3,2,4,4,4,3,4,4,2,3,2,4,4,3,3,3,4,4,2,3,3,2,1
1,2,1,2,5,5,5,2,2,4,2,2,2,2,3,4,2,1,3,1,3,2,1,3
4,2,1,3,4,2,2,4,3,5,1,2,2,3,3,3,2,4,4,1,3,2,2,2
4,4,2,2,3,4,3,4,4,4,4,4,4,4,5,3,3,1,4,2,3,3,2,3
4,2,2,3,5,3,3,3,3,3,1,3,4,3,4,2,4,3,2,4,4,2,3,3
4,5,3,5,4,5,3,1,3,4,3,4,4,2,4,1,3,4,5,4,4,5,3,4
2,5,2,3,3,2,4,3,5,3,2,5,5,4,5,4,3,5,5,2,5,5,5,2
4,3,4,5,5,3,4,3,4,3,3,2,2,2,2,3,2,1,2,4,3,3,3,3
5,5,3,5,4,1,1,5,3,2,4,2,5,5,5,1,5,4,4,3,2,4,2,2
3,4,1,5,4,4,5,5,3,1,1,5,4,3,3,2,3,2,4,1,1,2,2,1
1,5,2,4,5,5,4,2,5,5,5,5,4,3,5,4,3,2,3,1,5,5,4,2
2,2,1,5,2,2,2,2,2,2,3,5,4,5,5,4,3,2,3,4,3,4,3,2
2,2,1,4,2,2,1,3,5,4,2,3,5,5,4,2,2,1,4,2,2,3,1,4
3,3,1,4,1,1,1,3,2,3,3,2,4,3,4,2,2,3,4,1,2,1,1,1
2,3,1,4,1,1,3,1,3,3,3,3,5,4,5,1,5,5,5,1,3,1,1,1
5,4,5,5,5,3,4,4,3,4,3,3,3,4,3,5,3,2,4,2,4,3,3,3
3,4,1,5,5,5,5,4,4,4,2,3,3,3,4,1,4,3,4,3,5,4,5,3
3,3,2,3,3,1,2,2,4,5,2,4,1,2,2,3,1,1,2,1,3,3,1,1
2,4,2,5,1,3,3,3,3,4,3,4,2,2,2,3,4,3,4,1,5,5,2,3
4,5,4,4,5,4,4,5,3,4,2,1,3,4,3,4,3,3,3,1,3,2,3,3
3,2,1,3,5,2,4,5,1,3,1,3,3,4,3,1,3,4,4,4,2,2,3,3
2,4,1,3,2,3,3,4,5,4,2,2,2,1,2,2,2,2,2,1,2,2,1,3
1,2,2,4,2,4,4,3,2,5,4,2,4,3,5,1,3,3,5,2,1,2,1,1
2,4,1,5,5,4,4,5,3,3,2,4,5,5,5,1,4,3,4,5,2,5,4,5
4,5,3,5,4,2,2,3,3,4,3,3,3,3,2,3,1,3,2,3,4,5,4,5
5,4,3,3,4,3,4,4,4,5,3,5,2,3,2,1,5,4,5,3,3,5,3,4
2,4,2,5,5,2,3,3,1,2,1,4,5,3,4,3,3,4,1,2,4,4,2,1
2,3,3,4,4,4,5,4,2,1,2,5,2,4,4,5,2,3,5,3,4,5,3,4
2,2,1,5,3,2,4,4,4,4,3,3,4,4,2,4,4,5,2,2,5,5,2,3
4,3,2,3,2,2,1,5,2,4,3,2,3,3,4,2,3,3,4,1,5,3,5,3
3,4,3,4,5,4,3,4,3,1,2,3,3,3,2,1,4,3,4,2,2,3,2,1
3,5,2,5,3,3,2,2,5,5,3,4,2,3,2,3,3,1,2,3,3,4,3,1
5,5,5,3,4,5,5,3,3,3,1,3,3,3,3,4,2,2,3,2,4,2,3,4
3,3,1,4,4,2,1,3,4,4,2,2,2,2,1,2,1,1,5,2,3,3,3,4
5,5,5,5,5,2,4,5,5,5,2,4,4,5,2,2,4,4,5,4,5,3,4,4
4,3,2,4,3,5,4,3,5,3,2,3,3,3,5,3,2,1,1,3,5,5,4,4
5,4,3,5,3,3,5,5,5,4,4,5,5,3,3,4,2,4,5,3,5,5,2,4
3,4,2,4,4,3,3,3,3,2,2,4,2,3,2,4,3,3,3,2,2,2,1,2
5,3,2,5,4,4,3,4,3,4,4,4,1,1,1,1,2,3,5,2,2,1,2,2
1,3,1,1,3,3,3,5,3,4,2,2,4,3,3,1,5,5,5,1,3,5,4,4
1,1,1,5,5,4,2,3,1,1,1,3,3,4,3,5,5,4,3,1,2,1,1,2
1,3,1,5,3,3,3,3,2,2,2,2,3,5,3,2,3,2,4,2,3,3,1,4
5,4,4,4,3,1,2,5,4,5,5,2,3,3,5,4,3,2,4,1,3,1,2,2
4,2,1,1,4,2,2,5,1,5,3,3,4,3,5,2,1,1,3,1,2,2,1,1
4,2,2,4,3,1,5,4,3,4,1,4,1,1,1,2,2,2,4,4,1,2,1,2
4,4,2,2,4,2,2,4,2,4,1,3,3,3,2,4,2,4,2,3,4,4,5,3
3,3,1,5,2,1,4,4,4,4,3,5,4,5,5,4,3,3,5,2,5,5,5,3
3,3,2,5,3,2,3,5,3,2,1,4,4,3,5,5,2,1,3,5,3,3,3,4
1,2,2,2,3,2,3,3,2,1,1,2,1,3,3,2,2,3,1,1,5,3,3,4
3,2,2,5,3,3,2,4,1,2,1,4,4,3,5,3,4,3,3,3,5,4,2,1
4,5,1,5,5,4,4,2,5,3,3,4,2,4,3,3,3,2,5,2,4,3,2,5
3,3,4,5,5,5,4,3,5,5,5,3,5,4,2,4,4,3,3,4,3,3,2,1
5,3,2,4,3,4,5,3,4,4,3,5,2,2,4,3,2,4,5,3,3,2,1,5
2,5,2,2,4,3,3,5,3,4,3,3,2,2,3,1,1,1,1,1,2,2,1,2
5,5,5,5,5,2,4,1,4,5,3,4,1,2,2,3,4,5,5,4,2,3,4,3
4,3,2,4,4,2,2,3,4,5,2,3,3,4,3,3,3,3,3,3,2,2,2,2
5,5,4,3,3,2,1,1,3,4,3,5,2,2,3,1,2,3,5,1,3,2,2,3
2,1,1,5,4,4,3,3,2,3,1,4,1,1,3,3,4,4,5,5,4,2,4,2
3,4,1,5,5,5,5,3,3,5,2,4,4,5,5,2,3,2,2,3,5,5,3,3
2,5,3,4,2,3,2,5,1,3,2,2,3,4,1,1,2,3,3,3,3,4,2,4
2,1,1,5,5,2,4,5,1,3,2,4,1,1,2,1,3,4,4,1,3,3,1,3
2,1,1,4,3,2,4,3,4,4,2,5,5,5,3,5,3,2,5,4,3,2,3,1
3,1,1,3,3,2,5,4,4,3,3,2,1,3,1,3,2,3,3,4,2,3,2,3
2,4,2,3,3,2,4,4,4,5,2,2,5,5,3,3,4,3,4,3,3,3,3,3
3,4,2,5,1,1,1,3,4,4,2,4,4,2,3,2,5,3,4,3,2,3,1,1
1,2,1,2,4,3,1,2,1,1,1,1,2,3,3,1,2,2,5,1,5,2,1,3
4,5,1,5,5,2,5,2,2,1,4,3,4,5,2,2,2,1,4,2,4,4,4,3
2,4,1,3,3,1,5,2,4,3,4,3,1,2,1,3,4,3,5,2,4,2,2,2
5,5,3,4,5,4,4,4,4,5,3,5,4,4,5,5,4,3,5,4,5,3,4,3
5,4,5,5,3,2,2,4,3,2,1,3,4,3,3,3,1,1,4,1,2,1,1,1
3,1,1,3,4,3,4,5,3,3,2,5,2,3,2,3,2,3,3,3,3,3,2,2
4,3,4,4,5,3,4,5,2,4,2,2,2,2,4,4,3,4,5,2,5,5,4,4
2,3,2,5,2,4,2,1,2,3,1,5,1,3,4,2,1,1,2,2,1,2,1,2
1,1,1,5,2,1,3,3,3,3,3,5,4,1,2,4,3,3,5,3,2,3,3,1
3,4,2,5,3,2,3,2,3,3,5,2,2,2,3,2,4,3,5,2,5,4,3,4
3,5,2,3,5,5,3,3,3,5,1,4,2,3,2,1,1,1,4,3,2,3,3,2
3,5,3,4,1,2,3,2,3,5,3,5,2,2,5,2,2,2,1,3,5,5,4,2
3,4,4,4,5,3,4,3,3,5,5,4,2,2,1,1,4,3,4,3,3,2,2,5
1,3,1,4,2,2,3,1,1,3,2,2,1,1,1,3,2,3,3,4,5,3,2,1
2,4,3,3,1,2,2,3,3,2,2,4,3,2,5,2,1,1,3,2,3,4,4,4
3,4,1,5,3,2,3,1,4,5,3,4,3,3,5,2,1,1,2,3,5,4,3,2
2,4,2,4,3,3,3,4,1,3,2,1,1,2,4,3,4,4,5,5,5,3,3,3
3,4,2,2,4,4,4,5,4,5,5,5,3,5,5,4,2,3,4,2,3,3,2,1
4,5,2,3,4,4,1,2,2,2,1,1,4,3,4,4,1,2,2,3,5,3,4,2
5,3,3,4,2,3,2,3,5,5,3,4,5,5,4,5,4,4,5,3,3,2,2,3
2,1,1,3,3,3,5,1,1,4,1,4,2,2,4,1,3,5,2,1,5,2,2,3
4,4,2,5,3,2,2,3,5,4,2,3,2,1,4,2,5,2,4,3,3,2,1,4
5,5,3,5,4,2,2,4,3,5,2,2,4,4,4,3,3,2,4,1,3,4,4,3
3,5,3,3,2,2,2,4,5,5,4,5,4,2,4,2,4,2,3,2,3,1,2,5
4,4,1,5,4,2,5,4,3,3,4,2,3,4,4,2,2,1,4,3,5,4,4,4
1,2,5,3,3,1,3,4,3,3,3,2,2,2,5,2,2,2,5,2,2,2,1,3
4,4,2,5,2,4,4,5,4,5,4,4,3,2,3,5,2,3,3,3,4,3,4,1
4,4,1,5,4,3,1,5,4,3,3,3,5,4,5,3,3,3,5,3,4,3,5,2
2,1,2,5,3,1,2,2,2,2,1,1,2,2,3,4,3,2,5,5,3,3,3,3
2,3,2,4,2,3,2,1,4,4,1,4,3,5,5,2,1,1,3,3,4,4,3,3
3,3,3,5,3,3,2,2,1,3,2,4,2,1,2,4,1,1,3,4,4,3,1,3
4,3,4,5,5,3,3,2,4,4,3,3,3,3,4,4,3,3,4,3,3,1,1,2
3,2,2,3,2,2,1,3,1,2,1,2,1,1,1,3,2,2,2,2,3,1,1,2
1,4,2,5,2,1,3,2,3,3,2,4,2,5,5,4,2,1,1,3,5,5,3,3
1,1,1,3,2,1,1,3,2,4,2,4,1,3,3,4,2,2,4,3,1,2,1,1
1,1,1,3,4,4,5,5,4,3,2,3,1,2,5,3,3,4,3,3,4,4,4,3
4,5,4,5,3,2,3,3,3,2,3,4,1,2,3,5,4,2,4,3,2,3,3,1
3,2,1,5,2,1,2,2,3,3,3,4,4,5,5,1,2,1,3,3,3,2,2,3
2,3,1,4,2,3,4,5,4,5,5,5,2,1,3,3,4,5,4,2,4,3,4,5
3,3,2,4,5,3,2,1,3,2,3,3,2,1,4,3,4,5,5,2,4,5,2,4
3,4,3,4,3,4,2,3,5,4,1,2,2,2,3,2,4,5,5,5,5,5,3,4
3,3,1,5,3,3,3,3,5,5,5,3,2,3,3,4,2,1,1,5,3,3,1,1
3,3,1,5,3,2,4,3,3,2,2,3,1,4,4,1,2,4,3,1,5,5,5,5
5,5,5,5,5,4,4,4,5,5,5,5,4,1,4,3,3,2,2,2,4,3,2,5
3,4,3,5,2,4,5,5,5,5,4,3,4,5,5,1,5,4,5,5,5,5,4,2
2,3,3,5,3,2,2,3,5,4,5,5,4,4,4,5,2,1,5,3,5,4,4,2